Scenario,Cycle,Input_Temp,Input_Contam,Input_Load,Input_Maint,Input_Vibration,Rail_Health,Rail_Status,Motor_Health,Motor_Status,Recoater_Health,Recoater_Status,Nozzle_Health,Nozzle_Status,Heater_Health,Heater_Status
Fred Extrem,1,10.0,0.12,10.0,0.5,0.12,0.983,FUNCTIONAL,1.0,FUNCTIONAL,0.998,FUNCTIONAL,0.999,FUNCTIONAL,0.999,FUNCTIONAL
Fred Extrem,2,10.0,0.1,10.0,0.5,0.12,0.966,FUNCTIONAL,1.0,FUNCTIONAL,0.996,FUNCTIONAL,0.998,FUNCTIONAL,0.997,FUNCTIONAL
Fred Extrem,3,10.0,0.09,10.0,0.5,0.13,0.949,FUNCTIONAL,1.0,FUNCTIONAL,0.994,FUNCTIONAL,0.998,FUNCTIONAL,0.996,FUNCTIONAL
Fred Extrem,4,10.0,0.08,10.0,0.5,0.17,0.934,FUNCTIONAL,1.0,FUNCTIONAL,0.991,FUNCTIONAL,0.997,FUNCTIONAL,0.995,FUNCTIONAL
Fred Extrem,5,15.0,0.09,10.0,0.5,0.13,0.918,FUNCTIONAL,1.0,FUNCTIONAL,0.989,FUNCTIONAL,0.996,FUNCTIONAL,0.993,FUNCTIONAL
Fred Extrem,6,14.03,0.1,10.0,0.5,0.14,0.902,FUNCTIONAL,1.0,FUNCTIONAL,0.987,FUNCTIONAL,0.996,FUNCTIONAL,0.992,FUNCTIONAL
Fred Extrem,7,15.94,0.1,10.0,0.5,0.18,0.887,FUNCTIONAL,1.0,FUNCTIONAL,0.985,FUNCTIONAL,0.995,FUNCTIONAL,0.991,FUNCTIONAL
Fred Extrem,8,12.25,0.11,10.0,0.5,0.19,0.871,FUNCTIONAL,1.0,FUNCTIONAL,0.983,FUNCTIONAL,0.995,FUNCTIONAL,0.99,FUNCTIONAL
Fred Extrem,9,14.44,0.1,10.0,0.5,0.18,0.857,FUNCTIONAL,1.0,FUNCTIONAL,0.981,FUNCTIONAL,0.994,FUNCTIONAL,0.988,FUNCTIONAL
Fred Extrem,10,12.71,0.12,10.0,0.5,0.17,0.842,FUNCTIONAL,1.0,FUNCTIONAL,0.979,FUNCTIONAL,0.993,FUNCTIONAL,0.987,FUNCTIONAL
Fred Extrem,11,11.52,0.11,10.0,0.5,0.16,0.827,FUNCTIONAL,0.999,FUNCTIONAL,0.976,FUNCTIONAL,0.993,FUNCTIONAL,0.986,FUNCTIONAL
Fred Extrem,12,10.0,0.11,10.0,0.5,0.22,0.813,FUNCTIONAL,0.999,FUNCTIONAL,0.974,FUNCTIONAL,0.992,FUNCTIONAL,0.984,FUNCTIONAL
Fred Extrem,13,11.85,0.12,10.0,0.5,0.21,0.798,DEGRADED,0.999,FUNCTIONAL,0.972,FUNCTIONAL,0.991,FUNCTIONAL,0.983,FUNCTIONAL
Fred Extrem,14,10.0,0.12,10.0,0.5,0.2,0.784,DEGRADED,0.999,FUNCTIONAL,0.97,FUNCTIONAL,0.99,FUNCTIONAL,0.982,FUNCTIONAL
Fred Extrem,15,12.71,0.13,10.0,0.52,0.2,0.771,DEGRADED,0.999,FUNCTIONAL,0.968,FUNCTIONAL,0.989,FUNCTIONAL,0.981,FUNCTIONAL
Fred Extrem,16,12.15,0.13,10.0,0.54,0.2,0.757,DEGRADED,0.999,FUNCTIONAL,0.966,FUNCTIONAL,0.989,FUNCTIONAL,0.979,FUNCTIONAL
Fred Extrem,17,10.35,0.14,10.0,0.56,0.24,0.744,DEGRADED,0.999,FUNCTIONAL,0.964,FUNCTIONAL,0.988,FUNCTIONAL,0.978,FUNCTIONAL
Fred Extrem,18,10.0,0.12,10.0,0.58,0.23,0.732,DEGRADED,0.999,FUNCTIONAL,0.962,FUNCTIONAL,0.987,FUNCTIONAL,0.977,FUNCTIONAL
Fred Extrem,19,11.15,0.13,10.0,0.6,0.22,0.72,DEGRADED,0.999,FUNCTIONAL,0.96,FUNCTIONAL,0.986,FUNCTIONAL,0.976,FUNCTIONAL
Fred Extrem,20,12.02,0.11,10.0,0.62,0.22,0.708,DEGRADED,0.999,FUNCTIONAL,0.958,FUNCTIONAL,0.986,FUNCTIONAL,0.975,FUNCTIONAL
Fred Extrem,21,12.53,0.12,10.0,0.64,0.25,0.697,DEGRADED,0.998,FUNCTIONAL,0.956,FUNCTIONAL,0.985,FUNCTIONAL,0.973,FUNCTIONAL
Fred Extrem,22,14.09,0.1,10.0,0.65,0.24,0.686,DEGRADED,0.998,FUNCTIONAL,0.954,FUNCTIONAL,0.984,FUNCTIONAL,0.972,FUNCTIONAL
Fred Extrem,23,14.3,0.08,10.0,0.67,0.23,0.676,DEGRADED,0.998,FUNCTIONAL,0.952,FUNCTIONAL,0.984,FUNCTIONAL,0.971,FUNCTIONAL
Fred Extrem,24,14.57,0.06,10.0,0.69,0.27,0.667,DEGRADED,0.998,FUNCTIONAL,0.95,FUNCTIONAL,0.984,FUNCTIONAL,0.97,FUNCTIONAL
Fred Extrem,25,13.57,0.06,10.0,0.7,0.28,0.657,DEGRADED,0.998,FUNCTIONAL,0.949,FUNCTIONAL,0.983,FUNCTIONAL,0.969,FUNCTIONAL
Fred Extrem,26,10.53,0.04,10.0,0.71,0.25,0.648,DEGRADED,0.998,FUNCTIONAL,0.947,FUNCTIONAL,0.983,FUNCTIONAL,0.968,FUNCTIONAL
Fred Extrem,27,12.15,0.04,10.0,0.73,0.25,0.64,DEGRADED,0.998,FUNCTIONAL,0.945,FUNCTIONAL,0.982,FUNCTIONAL,0.967,FUNCTIONAL
Fred Extrem,28,13.52,0.04,10.0,0.74,0.25,0.631,DEGRADED,0.997,FUNCTIONAL,0.943,FUNCTIONAL,0.982,FUNCTIONAL,0.966,FUNCTIONAL
Fred Extrem,29,13.12,0.02,10.0,0.75,0.3,0.623,DEGRADED,0.997,FUNCTIONAL,0.942,FUNCTIONAL,0.981,FUNCTIONAL,0.965,FUNCTIONAL
Fred Extrem,30,12.56,0.0,10.0,0.77,0.27,0.615,DEGRADED,0.997,FUNCTIONAL,0.94,FUNCTIONAL,0.981,FUNCTIONAL,0.964,FUNCTIONAL
Fred Extrem,31,10.0,0.0,10.0,0.78,0.27,0.608,DEGRADED,0.997,FUNCTIONAL,0.938,FUNCTIONAL,0.981,FUNCTIONAL,0.963,FUNCTIONAL
Fred Extrem,32,11.18,0.0,10.0,0.79,0.27,0.601,DEGRADED,0.997,FUNCTIONAL,0.937,FUNCTIONAL,0.98,FUNCTIONAL,0.962,FUNCTIONAL
Fred Extrem,33,10.03,0.0,10.0,0.8,0.28,0.594,DEGRADED,0.997,FUNCTIONAL,0.935,FUNCTIONAL,0.98,FUNCTIONAL,0.961,FUNCTIONAL
Fred Extrem,34,13.06,0.0,10.0,0.81,0.3,0.586,DEGRADED,0.997,FUNCTIONAL,0.933,FUNCTIONAL,0.98,FUNCTIONAL,0.96,FUNCTIONAL
Fred Extrem,35,14.25,0.0,10.0,0.82,0.29,0.58,DEGRADED,0.996,FUNCTIONAL,0.932,FUNCTIONAL,0.979,FUNCTIONAL,0.959,FUNCTIONAL
Fred Extrem,36,13.78,0.0,10.0,0.83,0.31,0.573,DEGRADED,0.996,FUNCTIONAL,0.93,FUNCTIONAL,0.979,FUNCTIONAL,0.958,FUNCTIONAL
Fred Extrem,37,15.35,0.0,10.0,0.84,0.3,0.566,DEGRADED,0.996,FUNCTIONAL,0.929,FUNCTIONAL,0.979,FUNCTIONAL,0.957,FUNCTIONAL
Fred Extrem,38,16.29,0.0,10.0,0.85,0.28,0.56,DEGRADED,0.996,FUNCTIONAL,0.927,FUNCTIONAL,0.979,FUNCTIONAL,0.956,FUNCTIONAL
Fred Extrem,39,15.21,0.0,10.0,0.86,0.32,0.553,DEGRADED,0.996,FUNCTIONAL,0.925,FUNCTIONAL,0.979,FUNCTIONAL,0.955,FUNCTIONAL
Fred Extrem,40,14.01,0.0,10.0,0.87,0.32,0.547,DEGRADED,0.996,FUNCTIONAL,0.924,FUNCTIONAL,0.978,FUNCTIONAL,0.954,FUNCTIONAL
Fred Extrem,41,15.93,0.0,10.0,0.88,0.33,0.541,DEGRADED,0.996,FUNCTIONAL,0.922,FUNCTIONAL,0.978,FUNCTIONAL,0.953,FUNCTIONAL
Fred Extrem,42,14.01,0.0,10.0,0.89,0.29,0.535,DEGRADED,0.995,FUNCTIONAL,0.92,FUNCTIONAL,0.978,FUNCTIONAL,0.952,FUNCTIONAL
Fred Extrem,43,11.09,0.0,10.0,0.9,0.29,0.529,DEGRADED,0.995,FUNCTIONAL,0.919,FUNCTIONAL,0.978,FUNCTIONAL,0.951,FUNCTIONAL
Fred Extrem,44,11.07,0.0,10.0,0.91,0.33,0.524,DEGRADED,0.995,FUNCTIONAL,0.917,FUNCTIONAL,0.977,FUNCTIONAL,0.95,FUNCTIONAL
Fred Extrem,45,12.83,0.0,10.0,0.91,0.33,0.518,DEGRADED,0.995,FUNCTIONAL,0.915,FUNCTIONAL,0.977,FUNCTIONAL,0.949,FUNCTIONAL
Fred Extrem,46,14.39,0.0,10.0,0.92,0.3,0.512,DEGRADED,0.995,FUNCTIONAL,0.914,FUNCTIONAL,0.977,FUNCTIONAL,0.948,FUNCTIONAL
Fred Extrem,47,12.84,0.0,10.0,0.93,0.3,0.507,DEGRADED,0.995,FUNCTIONAL,0.912,FUNCTIONAL,0.977,FUNCTIONAL,0.947,FUNCTIONAL
Fred Extrem,48,13.2,0.0,10.0,0.94,0.34,0.502,DEGRADED,0.994,FUNCTIONAL,0.91,FUNCTIONAL,0.976,FUNCTIONAL,0.946,FUNCTIONAL
Fred Extrem,49,12.46,0.0,10.0,0.95,0.31,0.496,CRITICAL,0.994,FUNCTIONAL,0.909,FUNCTIONAL,0.976,FUNCTIONAL,0.946,FUNCTIONAL
Fred Extrem,50,12.07,0.0,10.0,0.96,0.34,0.491,CRITICAL,0.994,FUNCTIONAL,0.907,FUNCTIONAL,0.976,FUNCTIONAL,0.945,FUNCTIONAL
Fred Extrem,51,11.57,0.0,10.0,0.96,0.32,0.486,CRITICAL,0.994,FUNCTIONAL,0.905,FUNCTIONAL,0.975,FUNCTIONAL,0.944,FUNCTIONAL
Fred Extrem,52,11.48,0.0,10.0,0.97,0.35,0.481,CRITICAL,0.994,FUNCTIONAL,0.904,FUNCTIONAL,0.975,FUNCTIONAL,0.943,FUNCTIONAL
Fred Extrem,53,11.89,0.0,10.0,0.98,0.36,0.476,CRITICAL,0.993,FUNCTIONAL,0.902,FUNCTIONAL,0.975,FUNCTIONAL,0.942,FUNCTIONAL
Fred Extrem,54,10.13,0.0,10.0,0.99,0.32,0.471,CRITICAL,0.993,FUNCTIONAL,0.9,FUNCTIONAL,0.975,FUNCTIONAL,0.941,FUNCTIONAL
Fred Extrem,55,10.0,0.0,10.0,0.99,0.36,0.467,CRITICAL,0.993,FUNCTIONAL,0.899,FUNCTIONAL,0.974,FUNCTIONAL,0.94,FUNCTIONAL
Fred Extrem,56,10.0,0.0,10.0,1.0,0.32,0.462,CRITICAL,0.993,FUNCTIONAL,0.897,FUNCTIONAL,0.974,FUNCTIONAL,0.94,FUNCTIONAL
Fred Extrem,57,10.15,0.0,10.0,1.0,0.36,0.457,CRITICAL,0.993,FUNCTIONAL,0.896,FUNCTIONAL,0.974,FUNCTIONAL,0.939,FUNCTIONAL
Fred Extrem,58,10.0,0.0,10.0,1.0,0.33,0.453,CRITICAL,0.993,FUNCTIONAL,0.894,FUNCTIONAL,0.973,FUNCTIONAL,0.938,FUNCTIONAL
Fred Extrem,59,10.0,0.0,10.0,1.0,0.33,0.448,CRITICAL,0.992,FUNCTIONAL,0.892,FUNCTIONAL,0.973,FUNCTIONAL,0.937,FUNCTIONAL
Fred Extrem,60,10.41,0.0,10.0,1.0,0.36,0.444,CRITICAL,0.992,FUNCTIONAL,0.891,FUNCTIONAL,0.973,FUNCTIONAL,0.936,FUNCTIONAL
Fred Extrem,61,10.35,0.0,10.0,1.0,0.37,0.439,CRITICAL,0.992,FUNCTIONAL,0.889,FUNCTIONAL,0.973,FUNCTIONAL,0.936,FUNCTIONAL
Fred Extrem,62,14.22,0.0,10.0,1.0,0.35,0.435,CRITICAL,0.992,FUNCTIONAL,0.887,FUNCTIONAL,0.972,FUNCTIONAL,0.935,FUNCTIONAL
Fred Extrem,63,14.84,0.0,10.0,1.0,0.33,0.431,CRITICAL,0.992,FUNCTIONAL,0.886,FUNCTIONAL,0.972,FUNCTIONAL,0.934,FUNCTIONAL
Fred Extrem,64,14.15,0.0,10.0,1.0,0.36,0.427,CRITICAL,0.992,FUNCTIONAL,0.884,FUNCTIONAL,0.972,FUNCTIONAL,0.933,FUNCTIONAL
Fred Extrem,65,12.46,0.0,10.0,1.0,0.35,0.422,CRITICAL,0.991,FUNCTIONAL,0.882,FUNCTIONAL,0.972,FUNCTIONAL,0.932,FUNCTIONAL
Fred Extrem,66,12.64,0.0,10.0,1.0,0.38,0.418,CRITICAL,0.991,FUNCTIONAL,0.881,FUNCTIONAL,0.971,FUNCTIONAL,0.931,FUNCTIONAL
Fred Extrem,67,13.81,0.0,10.0,1.0,0.38,0.414,CRITICAL,0.991,FUNCTIONAL,0.879,FUNCTIONAL,0.971,FUNCTIONAL,0.931,FUNCTIONAL
Fred Extrem,68,13.33,0.0,10.0,1.0,0.36,0.41,CRITICAL,0.991,FUNCTIONAL,0.877,FUNCTIONAL,0.971,FUNCTIONAL,0.93,FUNCTIONAL
Fred Extrem,69,14.36,0.0,10.0,1.0,0.36,0.406,CRITICAL,0.991,FUNCTIONAL,0.876,FUNCTIONAL,0.971,FUNCTIONAL,0.929,FUNCTIONAL
Fred Extrem,70,15.69,0.0,10.0,1.0,0.37,0.402,CRITICAL,0.99,FUNCTIONAL,0.874,FUNCTIONAL,0.971,FUNCTIONAL,0.928,FUNCTIONAL
Fred Extrem,71,16.57,0.0,10.0,1.0,0.39,0.398,CRITICAL,0.99,FUNCTIONAL,0.872,FUNCTIONAL,0.97,FUNCTIONAL,0.927,FUNCTIONAL
Fred Extrem,72,16.45,0.0,10.0,1.0,0.36,0.394,CRITICAL,0.99,FUNCTIONAL,0.871,FUNCTIONAL,0.97,FUNCTIONAL,0.927,FUNCTIONAL
Fred Extrem,73,14.25,0.0,10.0,1.0,0.36,0.39,CRITICAL,0.99,FUNCTIONAL,0.869,FUNCTIONAL,0.97,FUNCTIONAL,0.926,FUNCTIONAL
Fred Extrem,74,14.78,0.0,10.0,1.0,0.36,0.386,CRITICAL,0.989,FUNCTIONAL,0.867,FUNCTIONAL,0.97,FUNCTIONAL,0.925,FUNCTIONAL
Fred Extrem,75,12.84,0.0,10.0,1.0,0.35,0.382,CRITICAL,0.989,FUNCTIONAL,0.866,FUNCTIONAL,0.97,FUNCTIONAL,0.924,FUNCTIONAL
Fred Extrem,76,11.11,0.0,10.0,1.0,0.36,0.378,CRITICAL,0.989,FUNCTIONAL,0.864,FUNCTIONAL,0.969,FUNCTIONAL,0.923,FUNCTIONAL
Fred Extrem,77,10.0,0.0,10.0,1.0,0.37,0.375,CRITICAL,0.989,FUNCTIONAL,0.862,FUNCTIONAL,0.969,FUNCTIONAL,0.923,FUNCTIONAL
Fred Extrem,78,10.0,0.0,10.0,1.0,0.36,0.371,CRITICAL,0.989,FUNCTIONAL,0.861,FUNCTIONAL,0.969,FUNCTIONAL,0.922,FUNCTIONAL
Fred Extrem,79,10.0,0.0,10.0,1.0,0.39,0.367,CRITICAL,0.988,FUNCTIONAL,0.859,FUNCTIONAL,0.968,FUNCTIONAL,0.921,FUNCTIONAL
Fred Extrem,80,10.0,0.0,10.0,1.0,0.38,0.363,CRITICAL,0.988,FUNCTIONAL,0.857,FUNCTIONAL,0.968,FUNCTIONAL,0.92,FUNCTIONAL
Fred Extrem,81,13.14,0.0,10.0,1.0,0.39,0.36,CRITICAL,0.988,FUNCTIONAL,0.856,FUNCTIONAL,0.968,FUNCTIONAL,0.919,FUNCTIONAL
Fred Extrem,82,12.51,0.0,10.0,1.0,0.39,0.356,CRITICAL,0.988,FUNCTIONAL,0.854,FUNCTIONAL,0.968,FUNCTIONAL,0.919,FUNCTIONAL
Fred Extrem,83,10.67,0.0,10.0,1.0,0.4,0.353,CRITICAL,0.988,FUNCTIONAL,0.852,FUNCTIONAL,0.967,FUNCTIONAL,0.918,FUNCTIONAL
Fred Extrem,84,10.0,0.0,10.0,1.0,0.37,0.349,CRITICAL,0.987,FUNCTIONAL,0.851,FUNCTIONAL,0.967,FUNCTIONAL,0.917,FUNCTIONAL
Fred Extrem,85,10.52,0.0,10.0,1.0,0.39,0.346,CRITICAL,0.987,FUNCTIONAL,0.849,FUNCTIONAL,0.967,FUNCTIONAL,0.916,FUNCTIONAL
Fred Extrem,86,10.83,0.0,10.0,1.0,0.39,0.342,CRITICAL,0.987,FUNCTIONAL,0.847,FUNCTIONAL,0.966,FUNCTIONAL,0.915,FUNCTIONAL
Fred Extrem,87,13.05,0.0,10.0,1.0,0.4,0.339,CRITICAL,0.987,FUNCTIONAL,0.846,FUNCTIONAL,0.966,FUNCTIONAL,0.915,FUNCTIONAL
Fred Extrem,88,12.43,0.0,10.0,1.0,0.38,0.336,CRITICAL,0.986,FUNCTIONAL,0.844,FUNCTIONAL,0.966,FUNCTIONAL,0.914,FUNCTIONAL
Fred Extrem,89,12.36,0.0,10.0,1.0,0.4,0.332,CRITICAL,0.986,FUNCTIONAL,0.842,FUNCTIONAL,0.966,FUNCTIONAL,0.913,FUNCTIONAL
Fred Extrem,90,10.11,0.0,10.0,1.0,0.4,0.329,CRITICAL,0.986,FUNCTIONAL,0.841,FUNCTIONAL,0.965,FUNCTIONAL,0.912,FUNCTIONAL
Fred Extrem,91,10.0,0.0,10.0,1.0,0.41,0.326,CRITICAL,0.986,FUNCTIONAL,0.839,FUNCTIONAL,0.965,FUNCTIONAL,0.911,FUNCTIONAL
Fred Extrem,92,11.77,0.0,10.0,1.0,0.39,0.322,CRITICAL,0.985,FUNCTIONAL,0.837,FUNCTIONAL,0.965,FUNCTIONAL,0.911,FUNCTIONAL
Fred Extrem,93,12.5,0.0,10.0,1.0,0.41,0.319,CRITICAL,0.985,FUNCTIONAL,0.835,FUNCTIONAL,0.965,FUNCTIONAL,0.91,FUNCTIONAL
Fred Extrem,94,12.89,0.0,10.0,1.0,0.39,0.316,CRITICAL,0.985,FUNCTIONAL,0.834,FUNCTIONAL,0.964,FUNCTIONAL,0.909,FUNCTIONAL
Fred Extrem,95,11.51,0.0,10.0,1.0,0.41,0.313,CRITICAL,0.985,FUNCTIONAL,0.832,FUNCTIONAL,0.964,FUNCTIONAL,0.908,FUNCTIONAL
Fred Extrem,96,10.0,0.0,10.0,1.0,0.39,0.31,CRITICAL,0.984,FUNCTIONAL,0.83,FUNCTIONAL,0.964,FUNCTIONAL,0.907,FUNCTIONAL
Fred Extrem,97,12.22,0.0,10.0,1.0,0.41,0.307,CRITICAL,0.984,FUNCTIONAL,0.829,FUNCTIONAL,0.963,FUNCTIONAL,0.907,FUNCTIONAL
Fred Extrem,98,10.14,0.0,10.0,1.0,0.39,0.304,CRITICAL,0.984,FUNCTIONAL,0.827,FUNCTIONAL,0.963,FUNCTIONAL,0.906,FUNCTIONAL
Fred Extrem,99,11.06,0.0,10.0,1.0,0.42,0.301,CRITICAL,0.984,FUNCTIONAL,0.825,FUNCTIONAL,0.963,FUNCTIONAL,0.905,FUNCTIONAL
Fred Extrem,100,10.78,0.0,10.0,1.0,0.41,0.298,CRITICAL,0.983,FUNCTIONAL,0.824,FUNCTIONAL,0.963,FUNCTIONAL,0.904,FUNCTIONAL
Fred Extrem,101,10.0,0.0,10.0,1.0,0.42,0.295,CRITICAL,0.983,FUNCTIONAL,0.822,FUNCTIONAL,0.962,FUNCTIONAL,0.903,FUNCTIONAL
Fred Extrem,102,13.22,0.0,10.0,1.0,0.39,0.292,CRITICAL,0.983,FUNCTIONAL,0.82,FUNCTIONAL,0.962,FUNCTIONAL,0.903,FUNCTIONAL
Fred Extrem,103,12.9,0.0,10.0,1.0,0.42,0.289,CRITICAL,0.983,FUNCTIONAL,0.819,FUNCTIONAL,0.962,FUNCTIONAL,0.902,FUNCTIONAL
Fred Extrem,104,16.29,0.0,10.0,1.0,0.41,0.286,CRITICAL,0.982,FUNCTIONAL,0.817,FUNCTIONAL,0.962,FUNCTIONAL,0.901,FUNCTIONAL
Fred Extrem,105,14.39,0.0,10.0,1.0,0.42,0.283,CRITICAL,0.982,FUNCTIONAL,0.815,FUNCTIONAL,0.961,FUNCTIONAL,0.9,FUNCTIONAL
Fred Extrem,106,14.81,0.0,10.0,1.0,0.42,0.28,CRITICAL,0.982,FUNCTIONAL,0.813,FUNCTIONAL,0.961,FUNCTIONAL,0.899,FUNCTIONAL
Fred Extrem,107,13.69,0.0,10.0,1.0,0.41,0.277,CRITICAL,0.982,FUNCTIONAL,0.812,FUNCTIONAL,0.961,FUNCTIONAL,0.899,FUNCTIONAL
Fred Extrem,108,11.86,0.0,10.0,1.0,0.4,0.275,CRITICAL,0.981,FUNCTIONAL,0.81,FUNCTIONAL,0.961,FUNCTIONAL,0.898,FUNCTIONAL
Fred Extrem,109,10.79,0.0,10.0,1.0,0.4,0.272,CRITICAL,0.981,FUNCTIONAL,0.808,FUNCTIONAL,0.96,FUNCTIONAL,0.897,FUNCTIONAL
Fred Extrem,110,12.38,0.0,10.0,1.0,0.42,0.269,CRITICAL,0.981,FUNCTIONAL,0.807,FUNCTIONAL,0.96,FUNCTIONAL,0.896,FUNCTIONAL
Fred Extrem,111,10.46,0.0,10.0,1.0,0.4,0.267,CRITICAL,0.98,FUNCTIONAL,0.805,FUNCTIONAL,0.96,FUNCTIONAL,0.896,FUNCTIONAL
Fred Extrem,112,13.84,0.0,10.0,1.0,0.42,0.264,CRITICAL,0.98,FUNCTIONAL,0.803,FUNCTIONAL,0.96,FUNCTIONAL,0.895,FUNCTIONAL
Fred Extrem,113,14.48,0.0,10.0,1.0,0.44,0.261,CRITICAL,0.98,FUNCTIONAL,0.802,FUNCTIONAL,0.96,FUNCTIONAL,0.894,FUNCTIONAL
Fred Extrem,114,12.66,0.0,10.0,1.0,0.45,0.259,CRITICAL,0.98,FUNCTIONAL,0.8,DEGRADED,0.959,FUNCTIONAL,0.893,FUNCTIONAL
Fred Extrem,115,15.51,0.0,10.0,1.0,0.41,0.256,CRITICAL,0.979,FUNCTIONAL,0.798,DEGRADED,0.959,FUNCTIONAL,0.892,FUNCTIONAL
Fred Extrem,116,13.88,0.0,10.0,1.0,0.44,0.254,CRITICAL,0.979,FUNCTIONAL,0.796,DEGRADED,0.959,FUNCTIONAL,0.892,FUNCTIONAL
Fred Extrem,117,14.79,0.0,10.0,1.0,0.43,0.251,CRITICAL,0.979,FUNCTIONAL,0.795,DEGRADED,0.959,FUNCTIONAL,0.891,FUNCTIONAL
Fred Extrem,118,17.4,0.0,10.0,1.0,0.41,0.249,CRITICAL,0.979,FUNCTIONAL,0.793,DEGRADED,0.958,FUNCTIONAL,0.89,FUNCTIONAL
Fred Extrem,119,17.33,0.0,10.0,1.0,0.45,0.246,CRITICAL,0.978,FUNCTIONAL,0.791,DEGRADED,0.958,FUNCTIONAL,0.889,FUNCTIONAL
Fred Extrem,120,17.26,0.0,10.0,1.0,0.45,0.244,CRITICAL,0.978,FUNCTIONAL,0.79,DEGRADED,0.958,FUNCTIONAL,0.888,FUNCTIONAL
Fred Extrem,121,15.16,0.0,10.0,1.0,0.43,0.241,CRITICAL,0.978,FUNCTIONAL,0.788,DEGRADED,0.958,FUNCTIONAL,0.888,FUNCTIONAL
Fred Extrem,122,15.28,0.0,10.0,1.0,0.44,0.239,CRITICAL,0.977,FUNCTIONAL,0.786,DEGRADED,0.958,FUNCTIONAL,0.887,FUNCTIONAL
Fred Extrem,123,16.6,0.0,10.0,1.0,0.42,0.236,CRITICAL,0.977,FUNCTIONAL,0.784,DEGRADED,0.958,FUNCTIONAL,0.886,FUNCTIONAL
Fred Extrem,124,15.48,0.0,10.0,1.0,0.46,0.234,CRITICAL,0.977,FUNCTIONAL,0.783,DEGRADED,0.957,FUNCTIONAL,0.885,FUNCTIONAL
Fred Extrem,125,13.79,0.0,10.0,1.0,0.43,0.232,CRITICAL,0.976,FUNCTIONAL,0.781,DEGRADED,0.957,FUNCTIONAL,0.885,FUNCTIONAL
Fred Extrem,126,13.4,0.0,10.0,1.0,0.43,0.229,CRITICAL,0.976,FUNCTIONAL,0.779,DEGRADED,0.957,FUNCTIONAL,0.884,FUNCTIONAL
Fred Extrem,127,10.13,0.0,10.0,1.0,0.45,0.227,CRITICAL,0.976,FUNCTIONAL,0.778,DEGRADED,0.957,FUNCTIONAL,0.883,FUNCTIONAL
Fred Extrem,128,10.0,0.0,10.0,1.0,0.42,0.225,CRITICAL,0.976,FUNCTIONAL,0.776,DEGRADED,0.956,FUNCTIONAL,0.882,FUNCTIONAL
Fred Extrem,129,13.2,0.0,10.0,1.0,0.45,0.223,CRITICAL,0.975,FUNCTIONAL,0.774,DEGRADED,0.956,FUNCTIONAL,0.881,FUNCTIONAL
Fred Extrem,130,13.39,0.0,10.0,1.0,0.46,0.22,CRITICAL,0.975,FUNCTIONAL,0.772,DEGRADED,0.956,FUNCTIONAL,0.881,FUNCTIONAL
Fred Extrem,131,15.81,0.0,10.0,1.0,0.43,0.218,CRITICAL,0.975,FUNCTIONAL,0.771,DEGRADED,0.956,FUNCTIONAL,0.88,FUNCTIONAL
Fred Extrem,132,17.09,0.0,10.0,1.0,0.44,0.216,CRITICAL,0.974,FUNCTIONAL,0.769,DEGRADED,0.956,FUNCTIONAL,0.879,FUNCTIONAL
Fred Extrem,133,17.89,0.0,10.0,1.0,0.46,0.214,CRITICAL,0.974,FUNCTIONAL,0.767,DEGRADED,0.955,FUNCTIONAL,0.878,FUNCTIONAL
Fred Extrem,134,14.96,0.0,10.0,1.0,0.44,0.212,CRITICAL,0.974,FUNCTIONAL,0.765,DEGRADED,0.955,FUNCTIONAL,0.878,FUNCTIONAL
Fred Extrem,135,15.5,0.0,10.0,1.0,0.46,0.21,CRITICAL,0.973,FUNCTIONAL,0.764,DEGRADED,0.955,FUNCTIONAL,0.877,FUNCTIONAL
Fred Extrem,136,14.56,0.0,10.0,1.0,0.44,0.208,CRITICAL,0.973,FUNCTIONAL,0.762,DEGRADED,0.955,FUNCTIONAL,0.876,FUNCTIONAL
Fred Extrem,137,16.24,0.0,10.0,1.0,0.46,0.206,CRITICAL,0.973,FUNCTIONAL,0.76,DEGRADED,0.955,FUNCTIONAL,0.875,FUNCTIONAL
Fred Extrem,138,18.35,0.0,10.0,1.0,0.45,0.203,CRITICAL,0.972,FUNCTIONAL,0.759,DEGRADED,0.955,FUNCTIONAL,0.874,FUNCTIONAL
Fred Extrem,139,17.36,0.0,10.0,1.0,0.48,0.201,CRITICAL,0.972,FUNCTIONAL,0.757,DEGRADED,0.954,FUNCTIONAL,0.874,FUNCTIONAL
Fred Extrem,140,14.34,0.0,10.0,1.0,0.45,0.199,CRITICAL,0.972,FUNCTIONAL,0.755,DEGRADED,0.954,FUNCTIONAL,0.873,FUNCTIONAL
Fred Extrem,141,15.61,0.0,10.0,1.0,0.44,0.197,CRITICAL,0.971,FUNCTIONAL,0.753,DEGRADED,0.954,FUNCTIONAL,0.872,FUNCTIONAL
Fred Extrem,142,14.28,0.0,10.0,1.0,0.45,0.196,CRITICAL,0.971,FUNCTIONAL,0.752,DEGRADED,0.954,FUNCTIONAL,0.871,FUNCTIONAL
Fred Extrem,143,13.33,0.0,10.0,1.0,0.47,0.194,CRITICAL,0.971,FUNCTIONAL,0.75,DEGRADED,0.954,FUNCTIONAL,0.871,FUNCTIONAL
Fred Extrem,144,13.85,0.0,10.0,1.0,0.45,0.192,CRITICAL,0.971,FUNCTIONAL,0.748,DEGRADED,0.953,FUNCTIONAL,0.87,FUNCTIONAL
Fred Extrem,145,14.33,0.0,10.0,1.0,0.48,0.19,CRITICAL,0.97,FUNCTIONAL,0.747,DEGRADED,0.953,FUNCTIONAL,0.869,FUNCTIONAL
Fred Extrem,146,15.53,0.0,10.0,1.0,0.47,0.188,CRITICAL,0.97,FUNCTIONAL,0.745,DEGRADED,0.953,FUNCTIONAL,0.868,FUNCTIONAL
Fred Extrem,147,15.88,0.0,10.0,1.0,0.47,0.186,CRITICAL,0.97,FUNCTIONAL,0.743,DEGRADED,0.953,FUNCTIONAL,0.868,FUNCTIONAL
Fred Extrem,148,15.99,0.0,10.0,1.0,0.46,0.184,CRITICAL,0.969,FUNCTIONAL,0.741,DEGRADED,0.953,FUNCTIONAL,0.867,FUNCTIONAL
Fred Extrem,149,18.11,0.0,10.0,1.0,0.47,0.182,CRITICAL,0.969,FUNCTIONAL,0.74,DEGRADED,0.952,FUNCTIONAL,0.866,FUNCTIONAL
Fred Extrem,150,18.83,0.0,10.0,1.0,0.47,0.18,CRITICAL,0.969,FUNCTIONAL,0.738,DEGRADED,0.952,FUNCTIONAL,0.865,FUNCTIONAL
